"text","favorited","favoriteCount","replyToSN","created","truncated","replyToSID","id","replyToUID","statusSource","screenName","retweetCount","isRetweet","retweeted","longitude","latitude"
"These are just a few of the groups on campus supporting women scientists, &amp; only a *sliver* of the sciences our wom… https://t.co/5tBZY0jRY1",FALSE,4,"uoregon",2019-02-12 00:38:25,TRUE,"1095105084550082560","1095119900647993344","40940457","<a href=""http://twitter.com"" rel=""nofollow"">Twitter Web Client</a>","uoregon",0,FALSE,FALSE,NA,NA
"Learn more about Cascadia Subduction Zone earthquakes and what role deep fluids play at the Feb. 14 pub talk by the… https://t.co/vIbvF5JZRs",FALSE,5,NA,2019-02-12 00:35:08,TRUE,NA,"1095119073141239809",NA,"<a href=""https://www.hootsuite.com"" rel=""nofollow"">Hootsuite Inc.</a>","uoregon",0,FALSE,FALSE,NA,NA
"The Committee on the Advancement of Women Chemists (COACh) is a program started by the UO's Geraldine Richmond, a M… https://t.co/ndyog1fAox",FALSE,10,"uoregon",2019-02-11 23:39:32,TRUE,"1095099450228232192","1095105084550082560","40940457","<a href=""http://twitter.com"" rel=""nofollow"">Twitter Web Client</a>","uoregon",2,FALSE,FALSE,NA,NA
"The Women in Graduate Science (@uowgs) group on campus is one of the largest graduate student women's groups in the… https://t.co/SjFvkB5qN8",FALSE,6,"uoregon",2019-02-11 23:17:09,TRUE,"1095097835014414336","1095099450228232192","40940457","<a href=""http://twitter.com"" rel=""nofollow"">Twitter Web Client</a>","uoregon",2,FALSE,FALSE,NA,NA
"The Science Program to Inspire Creativity and Excellence, also known as SPICE, creates an environment where middle… https://t.co/Z0ZMzuXwMj",FALSE,6,"uoregon",2019-02-11 23:10:44,TRUE,"1095096387161677825","1095097835014414336","40940457","<a href=""http://twitter.com"" rel=""nofollow"">Twitter Web Client</a>","uoregon",1,FALSE,FALSE,NA,NA
"On #WomenScienceDay, we'd like to thank all of the hardworking women scientists we are fortunate to have on campus.… https://t.co/SbF7G9rwBO",FALSE,35,NA,2019-02-11 23:04:59,TRUE,NA,"1095096387161677825",NA,"<a href=""http://twitter.com"" rel=""nofollow"">Twitter Web Client</a>","uoregon",9,FALSE,FALSE,NA,NA
"@AiErbe03 Congrats!!! <U+0001F44D><U+0001F3FD><U+0001F44D><U+0001F3FD><U+0001F44D><U+0001F3FD><U+0001F986> #GoDucks",FALSE,0,"AiErbe03",2019-02-11 17:43:35,FALSE,"1094033822029557760","1095015504350040064","3790482314","<a href=""http://twitter.com"" rel=""nofollow"">Twitter Web Client</a>","uoregon",0,FALSE,FALSE,NA,NA
"@azjd Thanks, Jeff!",FALSE,1,"azjd",2019-02-11 17:30:57,FALSE,"1094781514120720384","1095012326380466176","12739092","<a href=""http://twitter.com"" rel=""nofollow"">Twitter Web Client</a>","uoregon",0,FALSE,FALSE,NA,NA
"@SamRosenberg18 @GoDucks Nice!!!! Congats and good luck in Tempe! #GoDucks",FALSE,0,"SamRosenberg18",2019-02-11 17:08:16,FALSE,"1094791557046185985","1095006617572061185","38948486","<a href=""http://twitter.com"" rel=""nofollow"">Twitter Web Client</a>","uoregon",0,FALSE,FALSE,NA,NA
"ICYMI: @UOsojc professor's personal experience with homelessness now guides her research and an urge to build commu… https://t.co/1YSdujrRDz",FALSE,22,NA,2019-02-11 14:30:57,TRUE,NA,"1094967026798465024",NA,"<a href=""https://www.hootsuite.com"" rel=""nofollow"">Hootsuite Inc.</a>","uoregon",3,FALSE,FALSE,NA,NA
"A reminder that if you haven't signed up to receive our alerts via texts and emails about weather-related campus cl… https://t.co/nGc1E23wOc",FALSE,15,NA,2019-02-11 04:50:06,TRUE,NA,"1094820850329665536",NA,"<a href=""https://www.hootsuite.com"" rel=""nofollow"">Hootsuite Inc.</a>","uoregon",2,FALSE,FALSE,NA,NA
"The @UOsojc recently launched a new Master of Advertising and Brand Responsibility degree. And it's the first gradu… https://t.co/9F9BE4XTsK",FALSE,33,NA,2019-02-11 01:10:07,TRUE,NA,"1094765490977812482",NA,"<a href=""https://www.hootsuite.com"" rel=""nofollow"">Hootsuite Inc.</a>","uoregon",6,FALSE,FALSE,NA,NA
".@UOregon_History professor Leslie Alexander shares the history of Elizabeth Jennings, who paved the way for integr… https://t.co/Ov5s4I0SbI",FALSE,21,NA,2019-02-10 20:30:21,TRUE,NA,"1094695085021806592",NA,"<a href=""https://www.hootsuite.com"" rel=""nofollow"">Hootsuite Inc.</a>","uoregon",2,FALSE,FALSE,NA,NA
"Ranchers lament the loss of their livestock to wolves. Environmentalists laud their contributions to a healthy ecos… https://t.co/dsSXjZyEL7",FALSE,27,NA,2019-02-10 19:10:12,TRUE,NA,"1094674915767316480",NA,"<a href=""https://www.hootsuite.com"" rel=""nofollow"">Hootsuite Inc.</a>","uoregon",1,FALSE,FALSE,NA,NA
"Text analysis of thousands of grant abstracts by @UOsojc's @davemarkowitz31 shows that writing style matters; via… https://t.co/Lh1TfuSb9r",FALSE,15,NA,2019-02-10 15:05:12,TRUE,NA,"1094613258802266113",NA,"<a href=""https://www.hootsuite.com"" rel=""nofollow"">Hootsuite Inc.</a>","uoregon",4,FALSE,FALSE,NA,NA
"Learn more about Cascadia Subduction Zone earthquakes and what role deep fluids play in them at a Feb. 14 pub talk… https://t.co/TlWQJEbngc",FALSE,8,NA,2019-02-10 01:10:05,TRUE,NA,"1094403094308417536",NA,"<a href=""https://www.hootsuite.com"" rel=""nofollow"">Hootsuite Inc.</a>","uoregon",2,FALSE,FALSE,NA,NA
"Virgil Earl might be the most important person in @OregonTF history that you've never heard of. He helped bring the… https://t.co/GGOvfvLbom",FALSE,50,NA,2019-02-09 19:25:09,TRUE,NA,"1094316288057454592",NA,"<a href=""https://www.hootsuite.com"" rel=""nofollow"">Hootsuite Inc.</a>","uoregon",5,FALSE,FALSE,NA,NA
"Listen in as CBS reporter Mo Rocca (@MoRocca) interviews @UOregon_History professor Leslie Alexander for ""Mobituari… https://t.co/VbWTV47iLQ",FALSE,29,NA,2019-02-09 17:15:17,TRUE,NA,"1094283605541556224",NA,"<a href=""https://www.hootsuite.com"" rel=""nofollow"">Hootsuite Inc.</a>","uoregon",5,FALSE,FALSE,NA,NA
"Gene Sandan, a higher education professional with more than 20 years of experience, to join the UO as director for… https://t.co/kq5oxdBLZN",FALSE,9,NA,2019-02-09 15:55:08,TRUE,NA,"1094263437323091969",NA,"<a href=""https://www.hootsuite.com"" rel=""nofollow"">Hootsuite Inc.</a>","uoregon",0,FALSE,FALSE,NA,NA
"If you know of a faculty member who deserves a distinguished teaching award -- someone whose work in the classroom… https://t.co/fJFN7MsZAE",FALSE,5,NA,2019-02-09 01:55:05,TRUE,NA,"1094052032619655169",NA,"<a href=""https://www.hootsuite.com"" rel=""nofollow"">Hootsuite Inc.</a>","uoregon",0,FALSE,FALSE,NA,NA
"In respect to current weather forecasts: Here's info on how to find out if classes are delayed or canceled, and to… https://t.co/BTEdG9RS3I",FALSE,7,NA,2019-02-08 23:52:22,TRUE,NA,"1094021149351006209",NA,"<a href=""http://twitter.com"" rel=""nofollow"">Twitter Web Client</a>","uoregon",0,FALSE,FALSE,NA,NA
"ICYMI: @UOPolice is offering free self-defense and pepper spray classes this Saturday and Feb 23. No registration i… https://t.co/ZL5pwExGYV",FALSE,7,NA,2019-02-08 23:10:10,TRUE,NA,"1094010529591541760",NA,"<a href=""https://www.hootsuite.com"" rel=""nofollow"">Hootsuite Inc.</a>","uoregon",2,FALSE,FALSE,NA,NA
".@uo_humanities and @UO_Research will host a workshop on developing competitive NEH proposals on Feb. 12. Daniel Sa… https://t.co/efUFvl68xO",FALSE,3,NA,2019-02-08 22:40:06,TRUE,NA,"1094002964325376005",NA,"<a href=""https://www.hootsuite.com"" rel=""nofollow"">Hootsuite Inc.</a>","uoregon",1,FALSE,FALSE,NA,NA
"Text analysis of thousands of grant abstracts by @UOsojc's @davemarkowitz31 shows that writing style matters; via… https://t.co/BJQz6ZpwuB",FALSE,7,NA,2019-02-08 20:20:10,TRUE,NA,"1093967746369552384",NA,"<a href=""https://www.hootsuite.com"" rel=""nofollow"">Hootsuite Inc.</a>","uoregon",3,FALSE,FALSE,NA,NA
"@Maxwell00055 Congrats, Maxwell! See you then! #OnceADuckAlwaysADuck",FALSE,0,"Maxwell00055",2019-02-08 19:40:23,FALSE,"1093953432841445376","1093957735572332544","935926384186212352","<a href=""http://twitter.com"" rel=""nofollow"">Twitter Web Client</a>","uoregon",0,FALSE,FALSE,NA,NA
"Don’t forget that this Saturday Erica Edwards will be giving a lecture as part of the New Directions in Black Femin… https://t.co/zLOi0yO7ek",FALSE,5,NA,2019-02-08 17:20:13,TRUE,NA,"1093922462486708224",NA,"<a href=""https://www.hootsuite.com"" rel=""nofollow"">Hootsuite Inc.</a>","uoregon",0,FALSE,FALSE,NA,NA
"Whether you’re a film buff, a museum patron or just like to make stuff, our February arts calendar has something fo… https://t.co/EixhMAHRxO",FALSE,10,NA,2019-02-08 03:35:05,TRUE,NA,"1093714809827352576",NA,"<a href=""https://www.hootsuite.com"" rel=""nofollow"">Hootsuite Inc.</a>","uoregon",0,FALSE,FALSE,NA,NA
"The UOPD is offering free self-defense and pepper spray classes starting this Saturday. No registration is required… https://t.co/xssTMMrTP2",FALSE,26,NA,2019-02-08 02:35:06,TRUE,NA,"1093699712702656512",NA,"<a href=""https://www.hootsuite.com"" rel=""nofollow"">Hootsuite Inc.</a>","uoregon",4,FALSE,FALSE,NA,NA
"@lorenapdx Hi Lorena: We'd suggest you email our Continuing and Professional Education program directly at cpe@uore… https://t.co/Z0cUCcCa9I",FALSE,0,"lorenapdx",2019-02-08 01:02:11,TRUE,"1093291668927729665","1093676330304983040","1089233161119100928","<a href=""http://twitter.com"" rel=""nofollow"">Twitter Web Client</a>","uoregon",0,FALSE,FALSE,NA,NA
"UO information technology employees recently teamed up in a friendly competition with the aim of improving universi… https://t.co/zfjokHeRav",FALSE,6,NA,2019-02-08 00:50:08,TRUE,NA,"1093673296757960704",NA,"<a href=""https://www.hootsuite.com"" rel=""nofollow"">Hootsuite Inc.</a>","uoregon",0,FALSE,FALSE,NA,NA
"@CounselAmericas @Americas_HS Indeed, congrats Roberto! Can't wait to have you here in Eugene! #GoDucks #OnceADuckAlwaysADuck",FALSE,1,"CounselAmericas",2019-02-08 00:42:37,FALSE,"1093540660391469056","1093671405915230208","2855031291","<a href=""http://twitter.com"" rel=""nofollow"">Twitter Web Client</a>","uoregon",0,FALSE,FALSE,NA,NA
"@WeAreRubidoux @tbone26g @JurupaUSD @rubidouxfalcons @RHSASB59 @RHRiverside @BetterMakeRoom Congrats, Tyson! Can't… https://t.co/97VBktjM1N",FALSE,0,"WeAreRubidoux",2019-02-08 00:38:27,TRUE,"1093603283661348864","1093670359964893184","1003730473799913472","<a href=""http://twitter.com"" rel=""nofollow"">Twitter Web Client</a>","uoregon",0,FALSE,FALSE,NA,NA
"@AbrilAcademy Excellent selection, Mrs. Rocha! #GoDucks",FALSE,0,"AbrilAcademy",2019-02-08 00:25:37,FALSE,"1093665679016742912","1093667128178135040","863443244687867905","<a href=""http://twitter.com"" rel=""nofollow"">Twitter Web Client</a>","uoregon",0,FALSE,FALSE,NA,NA
"The UO has named Doneka Scott vice provost of undergraduate education. She had previously served as the UO's associ… https://t.co/zugL6rkzZ2",FALSE,27,NA,2019-02-07 22:30:17,TRUE,NA,"1093638102986514433",NA,"<a href=""https://www.hootsuite.com"" rel=""nofollow"">Hootsuite Inc.</a>","uoregon",1,FALSE,FALSE,NA,NA
"@oh_MsManwarren @AustinMustangs @AHSLadyMustangs @HISDAthletics Nice job! Congrats and GO MUSTANGS!!! (Also: How DI… https://t.co/CbopPtpKhb",FALSE,4,"oh_MsManwarren",2019-02-07 21:57:36,TRUE,"1093627537257873409","1093629877725540352","985199530629939200","<a href=""http://twitter.com"" rel=""nofollow"">Twitter Web Client</a>","uoregon",2,FALSE,FALSE,NA,NA
"<U+0001F440><U+0001F440><U+0001F440> https://t.co/X2fdch46VI",FALSE,355,NA,2019-02-07 16:43:32,FALSE,NA,"1093550839698845696",NA,"<a href=""http://twitter.com"" rel=""nofollow"">Twitter Web Client</a>","uoregon",18,FALSE,FALSE,NA,NA
"Gene Sandan, a higher education advising professional with more than 20 years of experience, to join the UO as dire… https://t.co/WWAHlQltBK",FALSE,9,NA,2019-02-07 03:15:07,TRUE,NA,"1093347395474259974",NA,"<a href=""https://www.hootsuite.com"" rel=""nofollow"">Hootsuite Inc.</a>","uoregon",1,FALSE,FALSE,NA,NA
"Please join us as we celebrate the achievements, sacrifices, and contributions of African Americans with a lecture… https://t.co/7KYBdjybrU",FALSE,8,NA,2019-02-07 00:45:06,TRUE,NA,"1093309643571511296",NA,"<a href=""https://www.hootsuite.com"" rel=""nofollow"">Hootsuite Inc.</a>","uoregon",0,FALSE,FALSE,NA,NA
"Color, comedy and covers mark our February arts calendar: https://t.co/DZbqDLyePz https://t.co/Acbkd4eYdP",FALSE,10,NA,2019-02-06 21:35:07,FALSE,NA,"1093261831131537408",NA,"<a href=""https://www.hootsuite.com"" rel=""nofollow"">Hootsuite Inc.</a>","uoregon",1,FALSE,FALSE,NA,NA
"A reminder about tomorrow's open house on how to improve the segment of 13th Avenue running through campus. Give us… https://t.co/I87MAoZv1O",FALSE,6,NA,2019-02-06 19:50:15,TRUE,NA,"1093235441749450755",NA,"<a href=""https://www.hootsuite.com"" rel=""nofollow"">Hootsuite Inc.</a>","uoregon",1,FALSE,FALSE,NA,NA
"@KeriOTOY19 @AlaskaAir @flyEUG @ORSTOY1 @ORDeptEd Very cool! Congrats, Keri!",FALSE,2,"KeriOTOY19",2019-02-06 19:05:49,FALSE,"1093222590787670017","1093224258648637440","1043690043070504960","<a href=""http://twitter.com"" rel=""nofollow"">Twitter Web Client</a>","uoregon",0,FALSE,FALSE,NA,NA
"If you are heading to tonight's Quack Chats pub talk (6 p.m. at the Downtown Athletic Club) featuring UO geographer… https://t.co/eZplCW7ITD",FALSE,17,NA,2019-02-06 17:30:10,TRUE,NA,"1093200189077274626",NA,"<a href=""https://www.hootsuite.com"" rel=""nofollow"">Hootsuite Inc.</a>","uoregon",3,FALSE,FALSE,NA,NA
"Otis Davis graduated from the UO in 1960, and was a newcomer to the sport when he set one world record and contribu… https://t.co/DyWXywojFT",FALSE,125,NA,2019-02-05 23:45:43,TRUE,NA,"1092932311929171968",NA,"<a href=""http://twitter.com"" rel=""nofollow"">Twitter Web Client</a>","uoregon",19,FALSE,FALSE,NA,NA
"Sounds like @CarsonDining is the place to be tonight, Ducks. <U+0001F440><U+0001F962> #checkitout https://t.co/H07dXGkDi9",FALSE,11,NA,2019-02-05 22:19:34,FALSE,NA,"1092910633241071616",NA,"<a href=""http://twitter.com"" rel=""nofollow"">Twitter Web Client</a>","uoregon",1,FALSE,FALSE,NA,NA
"2019 is the year of the pig, but the Duck didn’t want to miss his opportunity to decorate for the holiday. We hope… https://t.co/cvmD3sUJZt",FALSE,442,NA,2019-02-05 17:57:37,TRUE,NA,"1092844708609441792",NA,"<a href=""http://twitter.com/download/iphone"" rel=""nofollow"">Twitter for iPhone</a>","uoregon",43,FALSE,FALSE,NA,NA
"The UO's commemoration of Black History Month kicks off 2 pm today with the workshop “Black Mental Health on Colleg… https://t.co/sRUCFV91qi",FALSE,12,NA,2019-02-05 17:19:28,TRUE,NA,"1092835107134758912",NA,"<a href=""https://www.hootsuite.com"" rel=""nofollow"">Hootsuite Inc.</a>","uoregon",3,FALSE,FALSE,NA,NA
"Don't get left out in the cold, Ducks. Find out if classes are canceled, delayed or going on as scheduled by signin… https://t.co/eGsbjLc8BM",FALSE,30,NA,2019-02-05 15:05:17,TRUE,NA,"1092801341263675392",NA,"<a href=""https://www.hootsuite.com"" rel=""nofollow"">Hootsuite Inc.</a>","uoregon",1,FALSE,FALSE,NA,NA
"ICYMI: From Abbene (Julia) to Zweber (Madeline) and the 2,001 other Ducks who made the Dean's List for fall term, c… https://t.co/A40sUTXgWZ",FALSE,33,NA,2019-02-05 03:35:06,TRUE,NA,"1092627650651267072",NA,"<a href=""https://www.hootsuite.com"" rel=""nofollow"">Hootsuite Inc.</a>","uoregon",0,FALSE,FALSE,NA,NA
"Come hear UO geographer, cartographer and atlas designer Jim Meacham  discuss what makes a good map at our next Qua… https://t.co/0wlXstr5tG",FALSE,9,NA,2019-02-05 00:45:08,TRUE,NA,"1092584878481305601",NA,"<a href=""https://www.hootsuite.com"" rel=""nofollow"">Hootsuite Inc.</a>","uoregon",1,FALSE,FALSE,NA,NA
"So, you see <U+2744><U+FE0F><U+2744><U+FE0F><U+2744><U+FE0F> on the ground and you want to know if you still have to go to class? Or what's open or closed? O… https://t.co/0bDoXIHyaI",FALSE,19,NA,2019-02-04 23:52:41,TRUE,NA,"1092571678952034310",NA,"<a href=""https://www.hootsuite.com"" rel=""nofollow"">Hootsuite Inc.</a>","uoregon",2,FALSE,FALSE,NA,NA
"The #SuperBowl commercials are arguably as closely watched as the game itself, and this year's ads were part of a b… https://t.co/N8SHVRMvK9",FALSE,17,NA,2019-02-04 22:56:22,TRUE,NA,"1092557502955175936",NA,"<a href=""http://twitter.com"" rel=""nofollow"">Twitter Web Client</a>","uoregon",5,FALSE,FALSE,NA,NA
"@Cadet_Hernandez @Josito_2X The best way is to sign up for our text alert system. We'll send out a text as soon as… https://t.co/yaFmTIh5Pa",FALSE,0,"Cadet_Hernandez",2019-02-04 21:17:15,TRUE,"1092443426002358272","1092532561157353472","2772902356","<a href=""http://twitter.com"" rel=""nofollow"">Twitter Web Client</a>","uoregon",0,FALSE,FALSE,NA,NA
"Campus *always* looks gorgeous (in our humble opinion), but there's something about a light dusting of snow that ma… https://t.co/DGwG9wSZfU",FALSE,586,NA,2019-02-04 17:53:04,TRUE,NA,"1092481177758228480",NA,"<a href=""http://twitter.com"" rel=""nofollow"">Twitter Web Client</a>","uoregon",79,FALSE,FALSE,NA,NA
"The segment of 13th Avenue running through campus is a critical and iconic part of the university ... and we want y… https://t.co/b2QCr571Pp",FALSE,19,NA,2019-02-04 14:55:12,TRUE,NA,"1092436414912958466",NA,"<a href=""https://www.hootsuite.com"" rel=""nofollow"">Hootsuite Inc.</a>","uoregon",5,FALSE,FALSE,NA,NA
"Check out our next Quack Chats pub talk where you will hear UO geographer @Jim_Meacham discuss “Mapping the Wildnes… https://t.co/pGChWp8wKA",FALSE,10,NA,2019-02-03 20:30:19,TRUE,NA,"1092158362928758784",NA,"<a href=""https://www.hootsuite.com"" rel=""nofollow"">Hootsuite Inc.</a>","uoregon",2,FALSE,FALSE,NA,NA
"Congrats to the eight students who will take part in the 2019 Humanities Undergraduate Research Fellowship Program!… https://t.co/lMaQtfgnie",FALSE,24,NA,2019-02-03 16:45:13,TRUE,NA,"1092101711735472129",NA,"<a href=""https://www.hootsuite.com"" rel=""nofollow"">Hootsuite Inc.</a>","uoregon",2,FALSE,FALSE,NA,NA
"Researchers in Ben McMorran’s physics lab have created a new technique that lets researchers see what's never been… https://t.co/V5WMS5PweT",FALSE,19,NA,2019-02-03 01:15:06,TRUE,NA,"1091867640828702720",NA,"<a href=""https://www.hootsuite.com"" rel=""nofollow"">Hootsuite Inc.</a>","uoregon",1,FALSE,FALSE,NA,NA
"The @UOsojc recently launched a new Master of Advertising and Brand Responsibility degree, the first graduate degre… https://t.co/j64UYuJ3Z7",FALSE,18,NA,2019-02-02 19:50:08,TRUE,NA,"1091785861556027392",NA,"<a href=""https://www.hootsuite.com"" rel=""nofollow"">Hootsuite Inc.</a>","uoregon",3,FALSE,FALSE,NA,NA
"Come to our next Quack Chats pub talk and you can hear UO geographer Jim Meacham delve into what makes a good map;… https://t.co/pYfGHQckmR",FALSE,10,NA,2019-02-02 16:25:07,TRUE,NA,"1091734265568657408",NA,"<a href=""https://www.hootsuite.com"" rel=""nofollow"">Hootsuite Inc.</a>","uoregon",1,FALSE,FALSE,NA,NA
"@CorrinAvchin @OregonTF Hi Corrin, The Hayward Field renovation is being fully funded by gifts from Penny and Phil… https://t.co/johQHSIJGz",FALSE,295,"CorrinAvchin",2019-02-02 07:43:42,TRUE,"1091593905693286401","1091603047610863616","3320804850","<a href=""http://twitter.com"" rel=""nofollow"">Twitter Web Client</a>","uoregon",19,FALSE,FALSE,NA,NA
"@UsmanImran9 @CoachJsalavea @OregonTF Hi Usman: This project is fully funded by gifts from Penny and Phil Knight an… https://t.co/Ix3UYMHJRf",FALSE,5,"UsmanImran9",2019-02-02 00:46:01,TRUE,"1091496321687597057","1091497936922370050","1948329246","<a href=""http://twitter.com"" rel=""nofollow"">Twitter Web Client</a>","uoregon",1,FALSE,FALSE,NA,NA
"@Tobin_Tweets @UO_Catalyst Congrats, Michael!",FALSE,2,"Tobin_Tweets",2019-02-02 00:21:47,FALSE,"1091458558409859072","1091491835447455744","849015695224389632","<a href=""http://twitter.com"" rel=""nofollow"">Twitter Web Client</a>","uoregon",0,FALSE,FALSE,NA,NA
"You can get start to get a glimpse at what's to come for Hayward Field as a prototype element of the new structure… https://t.co/zgvm9GIKqR",FALSE,1068,NA,2019-02-01 23:35:04,TRUE,NA,"1091480082252627968",NA,"<a href=""http://twitter.com"" rel=""nofollow"">Twitter Web Client</a>","uoregon",166,FALSE,FALSE,NA,NA
"From Julia Abbene to Madeline Zweber and the 2,001 other Ducks who made the Dean's List for fall term, congrats to… https://t.co/JtbqGJYVbq",FALSE,31,NA,2019-02-01 22:25:26,TRUE,NA,"1091462558467477504",NA,"<a href=""https://www.hootsuite.com"" rel=""nofollow"">Hootsuite Inc.</a>","uoregon",2,FALSE,FALSE,NA,NA
".@GoDucksKG and @OregonWBB need our help, Ducks. #letsdothis #comeondown #gameday #BeatUtah <U+0001F44A><U+0001F3FD><U+0001F3C0><U+0001F986> https://t.co/KoDoB2WU0d",FALSE,84,NA,2019-02-01 19:24:39,FALSE,NA,"1091417062277210112",NA,"<a href=""http://twitter.com"" rel=""nofollow"">Twitter Web Client</a>","uoregon",9,FALSE,FALSE,NA,NA
"@malone_tenika But probably one of our most popular traditions comes during football games when *everyone* sings th… https://t.co/8deAFcKctQ",FALSE,0,"malone_tenika",2019-02-01 18:34:47,TRUE,NA,"1091404512097529856","3370936792","<a href=""http://twitter.com"" rel=""nofollow"">Twitter Web Client</a>","uoregon",0,FALSE,FALSE,NA,NA
"@malone_tenika So you guys want know more about some of our traditions here on campus? Well, we have a big homecomi… https://t.co/pbqgkLPKxQ",FALSE,1,"malone_tenika",2019-02-01 18:24:39,TRUE,NA,"1091401962954809344","3370936792","<a href=""http://twitter.com"" rel=""nofollow"">Twitter Web Client</a>","uoregon",0,FALSE,FALSE,NA,NA
"We're looking at redesigning the segment of 13th Avenue that runs through campus and we want your feedback. Head ov… https://t.co/qLKgxg2VWJ",FALSE,27,NA,2019-02-01 03:45:05,TRUE,NA,"1091180609488281600",NA,"<a href=""https://www.hootsuite.com"" rel=""nofollow"">Hootsuite Inc.</a>","uoregon",4,FALSE,FALSE,NA,NA
"""I want to give back to students what others gave to me.” 
-- @UOsojc  professor Autumn Shafer, who uses her experi… https://t.co/Eh6uYkmPrg",FALSE,30,NA,2019-02-01 01:30:18,TRUE,NA,"1091146693360447488",NA,"<a href=""https://www.hootsuite.com"" rel=""nofollow"">Hootsuite Inc.</a>","uoregon",2,FALSE,FALSE,NA,NA
"@hofflauren Perhaps just a bit.",FALSE,1,"hofflauren",2019-01-31 22:39:26,FALSE,"1091103002843402240","1091103690809692161","756179689","<a href=""http://twitter.com"" rel=""nofollow"">Twitter Web Client</a>","uoregon",0,FALSE,FALSE,NA,NA
"It was WAYYY too nice to study inside today, so (l to r) Maren Scribner, Brooke Knutsen and Sofia Bermudez-Eredia;… https://t.co/D4b5IodzCI",FALSE,61,NA,2019-01-31 22:34:03,TRUE,NA,"1091102335374319621",NA,"<a href=""http://twitter.com"" rel=""nofollow"">Twitter Web Client</a>","uoregon",3,FALSE,FALSE,NA,NA
"Join Thi Bui tomorrow morning for an interactive reading from her illustrated memoir ""The Best We Could Do,"" the 20… https://t.co/U1k9MLWEeA",FALSE,14,NA,2019-01-31 17:34:46,TRUE,NA,"1091027019444482050",NA,"<a href=""https://www.hootsuite.com"" rel=""nofollow"">Hootsuite Inc.</a>","uoregon",3,FALSE,FALSE,NA,NA
"How do you approach the “almost unsolvable” issue of wolf management? At the UO, it starts with a 1,338 mile road t… https://t.co/6xQ1T9tAGL",FALSE,20,NA,2019-01-31 01:00:54,TRUE,NA,"1090776904582483968",NA,"<a href=""https://www.hootsuite.com"" rel=""nofollow"">Hootsuite Inc.</a>","uoregon",1,FALSE,FALSE,NA,NA
"Coming March 9, Ducks! Deadline for ticket lottery is approaching fast. #tedxuoregon https://t.co/B0DaaZxtXI",FALSE,21,NA,2019-01-30 23:31:09,FALSE,NA,"1090754317085097984",NA,"<a href=""http://twitter.com"" rel=""nofollow"">Twitter Web Client</a>","uoregon",2,FALSE,FALSE,NA,NA
"@GoDucksMoseley https://t.co/2gHUETmzzb",FALSE,5,"GoDucksMoseley",2019-01-30 18:42:12,FALSE,"1090678954648727552","1090681604089888768","1583858155","<a href=""http://twitter.com"" rel=""nofollow"">Twitter Web Client</a>","uoregon",0,FALSE,FALSE,NA,NA
"<U+0001F6A8><U+0001F6A8><U+0001F6A8> This one promises to totes be <U+0001F525><U+0001F525><U+0001F525>, Ducks.  #ComeOnDown #CantWait #IsItFridayYet #GoDucks <U+0001F986><U+0001F3C0><U+0001F49B><U+0001F49A> https://t.co/dS9yJ2eUIF",FALSE,112,NA,2019-01-30 18:19:24,FALSE,NA,"1090675864851820544",NA,"<a href=""http://twitter.com"" rel=""nofollow"">Twitter Web Client</a>","uoregon",9,FALSE,FALSE,NA,NA
"“It’s important to be able to work with diverse populations,” Kiersten Muenchinger, director of @uoregondesign's Co… https://t.co/eqbqHiMx6H",FALSE,12,NA,2019-01-30 15:50:12,TRUE,NA,"1090638317387943937",NA,"<a href=""https://www.hootsuite.com"" rel=""nofollow"">Hootsuite Inc.</a>","uoregon",1,FALSE,FALSE,NA,NA
"“This research addresses a longstanding question. If on the one hand competitive exclusion pushes a system to have… https://t.co/7FzAfjMDBn",FALSE,10,NA,2019-01-30 01:35:06,TRUE,NA,"1090423125483966464",NA,"<a href=""https://www.hootsuite.com"" rel=""nofollow"">Hootsuite Inc.</a>","uoregon",0,FALSE,FALSE,NA,NA
"Being totally honest here: We
really
  really
    really
     really
    really
  really
 really
really
 really… https://t.co/yTMwKhfQb2",FALSE,553,NA,2019-01-28 21:55:46,TRUE,NA,"1090005539373801473",NA,"<a href=""http://twitter.com"" rel=""nofollow"">Twitter Web Client</a>","uoregon",55,FALSE,FALSE,NA,NA
"And for more info on how to find a job or internship on campus or beyond, check out the @uocareercenter's site: https://t.co/AhrQM9n173",FALSE,6,"uoregon",2019-01-28 19:44:44,FALSE,"1089962609644834819","1089972561465638912","40940457","<a href=""http://twitter.com"" rel=""nofollow"">Twitter Web Client</a>","uoregon",0,FALSE,FALSE,NA,NA
"Mike Reiter, @UOSOMD's piano technician, and Nicole Ritson, a senior history major, refurbish a piano in Reiter's w… https://t.co/yt0FINRmsj",FALSE,12,NA,2019-01-28 19:05:11,TRUE,NA,"1089962609644834819",NA,"<a href=""https://www.hootsuite.com"" rel=""nofollow"">Hootsuite Inc.</a>","uoregon",0,FALSE,FALSE,NA,NA
"@malone_tenika @AVID4College @QuackVideo @Oregon_Law @UOregonNews @WRCoachMJ @OregonPitCrew … who are enrolled in n… https://t.co/w0ikHzv19Y",FALSE,1,"uoregon",2019-01-24 21:36:57,TRUE,"1088550796399165441","1088551252290490369","40940457","<a href=""http://twitter.com"" rel=""nofollow"">Twitter Web Client</a>","uoregon",0,FALSE,FALSE,NA,NA
"@malone_tenika @AVID4College @QuackVideo @Oregon_Law @UOregonNews @WRCoachMJ @OregonPitCrew We have more than 22,00… https://t.co/GxxXrjmtGG",FALSE,0,"uoregon",2019-01-24 21:35:08,TRUE,"1088549814436941825","1088550796399165441","40940457","<a href=""http://twitter.com"" rel=""nofollow"">Twitter Web Client</a>","uoregon",0,FALSE,FALSE,NA,NA
"@malone_tenika @AVID4College @QuackVideo @Oregon_Law @UOregonNews @WRCoachMJ @OregonPitCrew Our mascot is The Duck.… https://t.co/8AISzV8THK",FALSE,0,"uoregon",2019-01-24 21:31:14,TRUE,"1088548717370650625","1088549814436941825","40940457","<a href=""http://twitter.com"" rel=""nofollow"">Twitter Web Client</a>","uoregon",0,FALSE,FALSE,NA,NA
"@malone_tenika @AVID4College @QuackVideo @Oregon_Law @UOregonNews @WRCoachMJ @OregonPitCrew Our part of Oregon is k… https://t.co/8kbYzqHe7h",FALSE,2,"uoregon",2019-01-24 21:28:10,TRUE,"1088546698656268288","1088549042190077952","40940457","<a href=""http://twitter.com"" rel=""nofollow"">Twitter Web Client</a>","uoregon",0,FALSE,FALSE,NA,NA
"@malone_tenika @AVID4College @QuackVideo @Oregon_Law @UOregonNews @WRCoachMJ @OregonPitCrew We opened in 1872.… https://t.co/e77HeM4Ah1",FALSE,0,"uoregon",2019-01-24 21:26:53,TRUE,"1088546698656268288","1088548717370650625","40940457","<a href=""http://twitter.com"" rel=""nofollow"">Twitter Web Client</a>","uoregon",0,FALSE,FALSE,NA,NA
"@malone_tenika @AVID4College @QuackVideo @Oregon_Law @UOregonNews @WRCoachMJ @OregonPitCrew We are in Eugene, Orego… https://t.co/qD1rxKsYoA",FALSE,0,"uoregon",2019-01-24 21:18:51,TRUE,"1088546386654552064","1088546698656268288","40940457","<a href=""http://twitter.com"" rel=""nofollow"">Twitter Web Client</a>","uoregon",0,FALSE,FALSE,NA,NA
"@malone_tenika @AVID4College @QuackVideo @Oregon_Law @UOregonNews @WRCoachMJ @OregonPitCrew Hi Ms. Malone’s class!… https://t.co/wIhrzNy3gG",FALSE,0,"malone_tenika",2019-01-24 21:17:37,TRUE,"1086378360576663552","1088546386654552064","3370936792","<a href=""http://twitter.com"" rel=""nofollow"">Twitter Web Client</a>","uoregon",0,FALSE,FALSE,NA,NA
"Using supercomputers, UO physicists show that structures in an environment help competing species live together. Ta… https://t.co/rG3wJG8Zz6",FALSE,10,NA,2019-01-24 20:00:22,TRUE,NA,"1088526944889655296",NA,"<a href=""https://www.hootsuite.com"" rel=""nofollow"">Hootsuite Inc.</a>","uoregon",2,FALSE,FALSE,NA,NA
"It’s been 319 years. Are you ready for a Cascadia earthquake along the entire Pacific Northwest coastline? Come to… https://t.co/pFYciYQ9ub",FALSE,30,NA,2019-01-24 17:09:28,TRUE,NA,"1088483937276575745",NA,"<a href=""https://www.hootsuite.com"" rel=""nofollow"">Hootsuite Inc.</a>","uoregon",11,FALSE,FALSE,NA,NA
"Congrats to the recipients of the Oregon Humanities Center's 2019-20 faculty research and teaching fellowships!… https://t.co/Da1AJRPo6f",FALSE,8,NA,2019-01-24 17:05:20,TRUE,NA,"1088482897751932935",NA,"<a href=""https://www.hootsuite.com"" rel=""nofollow"">Hootsuite Inc.</a>","uoregon",1,FALSE,FALSE,NA,NA
"A new project explores a classic of the civil rights era by a UO alum. https://t.co/yU7CBdQCqk https://t.co/frw7T00PMB",FALSE,30,NA,2019-01-24 04:40:05,FALSE,NA,"1088295347884097536",NA,"<a href=""https://www.hootsuite.com"" rel=""nofollow"">Hootsuite Inc.</a>","uoregon",0,FALSE,FALSE,NA,NA
"Campus ride programs are seeking volunteer student navigators to help meet increasing demand.… https://t.co/2UegDACrXa",FALSE,26,NA,2019-01-24 01:00:54,TRUE,NA,"1088240188168593409",NA,"<a href=""https://www.hootsuite.com"" rel=""nofollow"">Hootsuite Inc.</a>","uoregon",2,FALSE,FALSE,NA,NA
"@OregonState Conversely, we've found this book to be a good read: https://t.co/ghHSOlDHlf",FALSE,21,"OregonState",2019-01-24 00:46:30,FALSE,"1088218146186489857","1088236568232353793","18178876","<a href=""http://twitter.com"" rel=""nofollow"">Twitter Web Client</a>","uoregon",1,FALSE,FALSE,NA,NA
"@keyofreegan You're welcome! Have a great day!",FALSE,4,"keyofreegan",2019-01-23 22:57:07,FALSE,"1088208092787920897","1088209037257191424","2555599362","<a href=""http://twitter.com"" rel=""nofollow"">Twitter Web Client</a>","uoregon",1,FALSE,FALSE,NA,NA
"A free event this Saturday at the Museum of Natural and Cultural History will focus on Cascadia earthquake readines… https://t.co/11vdhZwaCA",FALSE,18,NA,2019-01-23 17:40:11,TRUE,NA,"1088129280020791298",NA,"<a href=""https://www.hootsuite.com"" rel=""nofollow"">Hootsuite Inc.</a>","uoregon",1,FALSE,FALSE,NA,NA
"Don't forget about today's discussion on “Diversity in Policing.” A Los Angeles Police Department officer, and a fo… https://t.co/CgSHPUCeUl",FALSE,21,NA,2019-01-23 14:30:40,TRUE,NA,"1088081588104163329",NA,"<a href=""https://www.hootsuite.com"" rel=""nofollow"">Hootsuite Inc.</a>","uoregon",1,FALSE,FALSE,NA,NA
"Say goodbye to the winter doldrums: The new Oregon Quarterly is your ticket to adventure, from the forests of Easte… https://t.co/LlWT3mC9ys",FALSE,6,NA,2019-01-23 01:20:09,TRUE,NA,"1087882644736655360",NA,"<a href=""https://www.hootsuite.com"" rel=""nofollow"">Hootsuite Inc.</a>","uoregon",0,FALSE,FALSE,NA,NA
"Fresh water was hard to find, but where it emerged on Easter Island in the South Pacific was an important factor fo… https://t.co/6BzutzoEaA",FALSE,18,NA,2019-01-22 22:29:45,TRUE,NA,"1087839762126422016",NA,"<a href=""https://www.hootsuite.com"" rel=""nofollow"">Hootsuite Inc.</a>","uoregon",0,FALSE,FALSE,NA,NA
"The UO Gospel Choir will be among the lineup of amazing performers at ""Higher Heights, Deeper Love,"" a celebration… https://t.co/bB2IJrZ8w7",FALSE,27,NA,2019-01-22 20:05:17,TRUE,NA,"1087803409149976577",NA,"<a href=""https://www.hootsuite.com"" rel=""nofollow"">Hootsuite Inc.</a>","uoregon",2,FALSE,FALSE,NA,NA
"A Los Angeles Police Department officer, and a former police officer who's a current educator will be here Wednesda… https://t.co/3Hb4tfutD8",FALSE,14,NA,2019-01-22 17:15:28,TRUE,NA,"1087760672291766272",NA,"<a href=""https://www.hootsuite.com"" rel=""nofollow"">Hootsuite Inc.</a>","uoregon",2,FALSE,FALSE,NA,NA
"“When Should We Trust Artificial Intelligence?” Come to our next Quack Chats free pub talk to hear Daniel Lowd of o… https://t.co/oOIKoKZ63L",FALSE,6,NA,2019-01-22 15:50:13,TRUE,NA,"1087739219118821376",NA,"<a href=""https://www.hootsuite.com"" rel=""nofollow"">Hootsuite Inc.</a>","uoregon",0,FALSE,FALSE,NA,NA
"A strong turnout of Ducks took part in today's NAACP Martin Luther King Jr. March that made its way from Autzen Sta… https://t.co/yzBQnjCu5f",FALSE,73,NA,2019-01-22 03:32:10,TRUE,NA,"1087553482721128448",NA,"<a href=""http://twitter.com"" rel=""nofollow"">Twitter Web Client</a>","uoregon",2,FALSE,FALSE,NA,NA
"@awegalloway Great work, Aaron!",FALSE,3,"awegalloway",2019-01-22 03:06:43,FALSE,"1087406098896715777","1087547076789977088","2715294440","<a href=""http://twitter.com"" rel=""nofollow"">Twitter Web Client</a>","uoregon",0,FALSE,FALSE,NA,NA
"If you are a fan of @OregonTF history, you'll want to check out this exhibit on display now at Knight Library. Cura… https://t.co/8E7ihqziKX",FALSE,53,NA,2019-01-22 02:55:05,TRUE,NA,"1087544150101315584",NA,"<a href=""https://www.hootsuite.com"" rel=""nofollow"">Hootsuite Inc.</a>","uoregon",15,FALSE,FALSE,NA,NA
"“The Big One: Get Ready for Oregon's Next Mega Earthquake,” an event about earthquake preparedness, will be held Ja… https://t.co/f6jMw7PiHy",FALSE,16,NA,2019-01-22 00:50:07,TRUE,NA,"1087512700664598533",NA,"<a href=""https://www.hootsuite.com"" rel=""nofollow"">Hootsuite Inc.</a>","uoregon",7,FALSE,FALSE,NA,NA
"“Brilliant” and “underserved” are two words used to describe “The March,” the award-winning film by UO grad James B… https://t.co/AnVFmOQHvl",FALSE,30,NA,2019-01-21 17:01:04,TRUE,NA,"1087394662166528003",NA,"<a href=""https://www.hootsuite.com"" rel=""nofollow"">Hootsuite Inc.</a>","uoregon",3,FALSE,FALSE,NA,NA
".@60Minutes's Steve Kroft was on campus last week for a segment on the climate lawsuit by 21 young people against t… https://t.co/lJu4uHoQuA",FALSE,35,NA,2019-01-21 03:10:04,TRUE,NA,"1087185532730392576",NA,"<a href=""https://www.hootsuite.com"" rel=""nofollow"">Hootsuite Inc.</a>","uoregon",4,FALSE,FALSE,NA,NA
"What are the potential dangers of artificial intelligence? What about the potential benefits? Come to our next Quac… https://t.co/QW0tVsPAC5",FALSE,15,NA,2019-01-21 01:05:05,TRUE,NA,"1087154081259552768",NA,"<a href=""https://www.hootsuite.com"" rel=""nofollow"">Hootsuite Inc.</a>","uoregon",3,FALSE,FALSE,NA,NA
"""Higher Heights, Deeper Love,"" a celebration of gospel music -- including a performance by the UO Gospel Choir -- h… https://t.co/PShZNr2lV5",FALSE,19,NA,2019-01-20 19:55:08,TRUE,NA,"1087076077749653504",NA,"<a href=""https://www.hootsuite.com"" rel=""nofollow"">Hootsuite Inc.</a>","uoregon",0,FALSE,FALSE,NA,NA
"From performances by the Oregon Brass Quintet and an early American expressionism play to an exhibition featuring r… https://t.co/DSzRuz7NU5",FALSE,13,NA,2019-01-20 16:35:09,TRUE,NA,"1087025751168307201",NA,"<a href=""https://www.hootsuite.com"" rel=""nofollow"">Hootsuite Inc.</a>","uoregon",0,FALSE,FALSE,NA,NA
"A new digital exhibition illuminates the making of 'The March,' a landmark documentary of the period and the film’s… https://t.co/IGs2aXm0lP",FALSE,33,NA,2019-01-20 01:15:05,TRUE,NA,"1086794207824674818",NA,"<a href=""https://www.hootsuite.com"" rel=""nofollow"">Hootsuite Inc.</a>","uoregon",5,FALSE,FALSE,NA,NA
"Hey, Ducks! Nominations are open for student awards. They honor student leaders who, in addition to being outstandi… https://t.co/Z7nAJe8r1g",FALSE,13,NA,2019-01-19 23:30:12,TRUE,NA,"1086767814004957184",NA,"<a href=""https://www.hootsuite.com"" rel=""nofollow"">Hootsuite Inc.</a>","uoregon",2,FALSE,FALSE,NA,NA
"Say goodbye to the winter doldrums: The new Oregon Quarterly is your ticket to adventure, from the forests of Easte… https://t.co/bRcy4eYh3p",FALSE,9,NA,2019-01-19 20:35:06,TRUE,NA,"1086723749385330688",NA,"<a href=""https://www.hootsuite.com"" rel=""nofollow"">Hootsuite Inc.</a>","uoregon",0,FALSE,FALSE,NA,NA
"Check out some scenes from @OregonWBB's thrilling 77-71 win against No. 19 Arizona State last night at Matt Knight… https://t.co/VJEV5yeUV0",FALSE,41,NA,2019-01-19 18:32:47,TRUE,NA,"1086692967421603840",NA,"<a href=""http://twitter.com"" rel=""nofollow"">Twitter Web Client</a>","uoregon",5,FALSE,FALSE,NA,NA
"OPENS TODAY: Through original works by six paleoartists along with real fossils and hands-on activities, visitors t… https://t.co/ar2QI6P0zP",FALSE,22,NA,2019-01-19 17:25:08,TRUE,NA,"1086675940497915905",NA,"<a href=""https://www.hootsuite.com"" rel=""nofollow"">Hootsuite Inc.</a>","uoregon",2,FALSE,FALSE,NA,NA
"January is shaping up to be an amazing month for the arts at the UO! https://t.co/55bCWmMMfo https://t.co/uXgmQ26FSH",FALSE,21,NA,2019-01-19 03:30:10,FALSE,NA,"1086465813341704192",NA,"<a href=""https://www.hootsuite.com"" rel=""nofollow"">Hootsuite Inc.</a>","uoregon",0,FALSE,FALSE,NA,NA
"The UO is offering a free workshop for high school students before the gospel concert on Jan. 25 honoring MLK Jr. a… https://t.co/NqPEsF9aUk",FALSE,20,NA,2019-01-19 00:40:08,TRUE,NA,"1086423023425601536",NA,"<a href=""https://www.hootsuite.com"" rel=""nofollow"">Hootsuite Inc.</a>","uoregon",0,FALSE,FALSE,NA,NA
"A viewing of ""The March,"" the 2019 NAACP Martin Luther King Jr. community march, and @HoldenCenter's day of service… https://t.co/IYdrmBU9mH",FALSE,15,NA,2019-01-18 22:20:06,TRUE,NA,"1086387785748176899",NA,"<a href=""https://www.hootsuite.com"" rel=""nofollow"">Hootsuite Inc.</a>","uoregon",1,FALSE,FALSE,NA,NA
"Check out how the research by @uoeducation's Joanna Goode on boosting participation by underrepresented communities… https://t.co/YCjpiEMKI8",FALSE,21,NA,2019-01-18 19:50:09,TRUE,NA,"1086350050018684928",NA,"<a href=""https://www.hootsuite.com"" rel=""nofollow"">Hootsuite Inc.</a>","uoregon",1,FALSE,FALSE,NA,NA
"Definitely one of the highlights from fall: Having sports blogger, celebrity AND noted @OregonWBB fan @SheaSerrano… https://t.co/duNeAJNZni",FALSE,32,NA,2019-01-18 18:13:50,TRUE,NA,"1086325808979791872",NA,"<a href=""http://twitter.com"" rel=""nofollow"">Twitter Web Client</a>","uoregon",0,FALSE,FALSE,NA,NA
"ISO: Volunteer student navigators for campus ride programs. Help provide service to more than 10,000 of your classm… https://t.co/TjrU6e63e3",FALSE,10,NA,2019-01-18 16:55:17,TRUE,NA,"1086306042600927232",NA,"<a href=""https://www.hootsuite.com"" rel=""nofollow"">Hootsuite Inc.</a>","uoregon",0,FALSE,FALSE,NA,NA
"@dvneighborsEDU @BearCreekElem @msgwinlibrarian @noexcusesu Way to represent! #GoDucks",FALSE,4,"dvneighborsEDU",2019-01-18 16:49:04,FALSE,"1086259796985155584","1086304475227148288","3313742383","<a href=""http://twitter.com"" rel=""nofollow"">Twitter Web Client</a>","uoregon",0,FALSE,FALSE,NA,NA
"The UO’s Museum of Natural and Cultural History puts a feathered friend on display in its new dino exhibit:… https://t.co/vnfYGZiaQS",FALSE,13,NA,2019-01-18 05:25:03,TRUE,NA,"1086132339825098752",NA,"<a href=""https://www.hootsuite.com"" rel=""nofollow"">Hootsuite Inc.</a>","uoregon",4,FALSE,FALSE,NA,NA
"""Higher Heights, Deeper Love,"" a celebration of gospel music -- including a performance by the UO Gospel Choir -- h… https://t.co/Veyhzcr0jx",FALSE,17,NA,2019-01-18 03:00:31,TRUE,NA,"1086095967148011521",NA,"<a href=""https://www.hootsuite.com"" rel=""nofollow"">Hootsuite Inc.</a>","uoregon",6,FALSE,FALSE,NA,NA
"Hey, Ducks: Do you have a faculty member who you think deserves a distinguished teaching award? Someone who went ab… https://t.co/WqDC0RUkto",FALSE,4,NA,2019-01-18 02:10:06,TRUE,NA,"1086083278765879298",NA,"<a href=""https://www.hootsuite.com"" rel=""nofollow"">Hootsuite Inc.</a>","uoregon",3,FALSE,FALSE,NA,NA
"@OregonState https://t.co/I83QvWsxEk",FALSE,18,"OregonState",2019-01-18 01:24:59,FALSE,"1086064732933517312","1086071924671668224","18178876","<a href=""http://twitter.com"" rel=""nofollow"">Twitter Web Client</a>","uoregon",0,FALSE,FALSE,NA,NA
"What are the dangers of artificial intelligence? What is its potential? Come listen as Daniel Lowd of our computer… https://t.co/lxAMHqhWvh",FALSE,6,NA,2019-01-18 01:23:35,TRUE,NA,"1086071572798959616",NA,"<a href=""https://www.hootsuite.com"" rel=""nofollow"">Hootsuite Inc.</a>","uoregon",2,FALSE,FALSE,NA,NA
"@OregonState If that's a trap, we aren't going to fall for it, FYI.",FALSE,123,"OregonState",2019-01-18 00:41:12,FALSE,"1086058332014632960","1086060905043902469","18178876","<a href=""http://twitter.com"" rel=""nofollow"">Twitter Web Client</a>","uoregon",13,FALSE,FALSE,NA,NA
"A memorial service for Tasia Smith, University of Oregon Evergreen Assistant Professor of counseling psychology and… https://t.co/6tYXjEkoil",FALSE,6,NA,2019-01-17 19:55:12,TRUE,NA,"1085988931873710081",NA,"<a href=""https://www.hootsuite.com"" rel=""nofollow"">Hootsuite Inc.</a>","uoregon",1,FALSE,FALSE,NA,NA
"The UO Summer Academy to Inspire Learning, the college access program aimed at getting middle and high school stude… https://t.co/VZewUxchj8",FALSE,14,NA,2019-01-17 05:00:32,TRUE,NA,"1085763779164622853",NA,"<a href=""https://www.hootsuite.com"" rel=""nofollow"">Hootsuite Inc.</a>","uoregon",1,FALSE,FALSE,NA,NA
"@MarcSchlossberg Love to see Ducks in DC sharing their research and having an impact! #GoDucks",FALSE,0,"MarcSchlossberg",2019-01-16 20:27:27,FALSE,"1085595818038566912","1085634657339621376","371615076","<a href=""http://twitter.com"" rel=""nofollow"">Twitter Web Client</a>","uoregon",0,FALSE,FALSE,NA,NA
"Our faculty's research on a critical issue facing society making its way to the highest levels of government. <U+0001F447><U+0001F447><U+0001F447> https://t.co/v5MjhwazWg",FALSE,18,NA,2019-01-16 16:49:43,FALSE,NA,"1085579862843113472",NA,"<a href=""http://twitter.com"" rel=""nofollow"">Twitter Web Client</a>","uoregon",1,FALSE,FALSE,NA,NA
"With the Oregon Legislature taking up legislation to reduce the state's emissions of carbon pollution, @Oregon_Law… https://t.co/FjpDP9Oa0z",FALSE,10,NA,2019-01-16 16:45:16,TRUE,NA,"1085578746814447617",NA,"<a href=""https://www.hootsuite.com"" rel=""nofollow"">Hootsuite Inc.</a>","uoregon",3,FALSE,FALSE,NA,NA
"@jaiden_mason24 Hi Jaiden: Here's what to do if you have multiple exams on the same day: https://t.co/xYeq5pup5H. Y… https://t.co/obiE4j2mgU",FALSE,3,"jaiden_mason24",2019-01-16 01:01:00,TRUE,"1085261649479520256","1085341113936896000","2484657774","<a href=""http://twitter.com"" rel=""nofollow"">Twitter Web Client</a>","uoregon",0,FALSE,FALSE,NA,NA
"Happy #NationalHatDay from The Duck, who pretty much has the raddest hat of all! https://t.co/QZ7nWElk1H",FALSE,229,NA,2019-01-15 22:40:05,FALSE,NA,"1085305648756211713",NA,"<a href=""https://www.hootsuite.com"" rel=""nofollow"">Hootsuite Inc.</a>","uoregon",25,FALSE,FALSE,NA,NA
"@ShannonLRahn Those details are still being finalized, thoug. Please check back winter term for an updated schedule https://t.co/gpMX8x7YUb.",FALSE,0,"ShannonLRahn",2019-01-15 21:01:20,FALSE,"1085280038428143616","1085280797655875584","603051606","<a href=""https://about.twitter.com/products/tweetdeck"" rel=""nofollow"">TweetDeck</a>","uoregon",0,FALSE,FALSE,NA,NA
"Honorees at today's Rev. Dr. Martin Luther King, Jr., Award Ceremony at the EMU receive a final round of applause.… https://t.co/AEXDLzr01t",FALSE,19,NA,2019-01-15 20:55:55,TRUE,NA,"1085279433165099009",NA,"<a href=""https://www.hootsuite.com"" rel=""nofollow"">Hootsuite Inc.</a>","uoregon",6,FALSE,FALSE,NA,NA
"Get involved in the tuition-setting process at tonight’s open forum for students. The event starts at 6pm in the Re… https://t.co/fOyiw7DdFj",FALSE,8,NA,2019-01-15 19:55:12,TRUE,NA,"1085264153374322688",NA,"<a href=""https://www.hootsuite.com"" rel=""nofollow"">Hootsuite Inc.</a>","uoregon",1,FALSE,FALSE,NA,NA
"@ShannonLRahn Yes, that is correct. We’ve been doing Commencement on Mondays for about 10 years now. 
https://t.co/s5p1JwsUJl",FALSE,0,"ShannonLRahn",2019-01-15 19:16:01,FALSE,"1085251661751144448","1085254295744704512","603051606","<a href=""https://about.twitter.com/products/tweetdeck"" rel=""nofollow"">TweetDeck</a>","uoregon",0,FALSE,FALSE,NA,NA
"""Higher Heights, Deeper Love,"" a celebration of gospel music -- including a performance by the UO Gospel Choir -- h… https://t.co/KVtBxIsNA1",FALSE,14,NA,2019-01-15 18:48:08,TRUE,NA,"1085247276379983872",NA,"<a href=""https://www.hootsuite.com"" rel=""nofollow"">Hootsuite Inc.</a>","uoregon",2,FALSE,FALSE,NA,NA
"@awwwemily Applications in by midnight, Jan. 15, will be considered to meet the deadline. Applications after will b… https://t.co/TiUMdVb3CD",FALSE,0,"awwwemily",2019-01-15 18:05:56,TRUE,"1085052435058446336","1085236658138624000","1437142394","<a href=""http://twitter.com"" rel=""nofollow"">Twitter Web Client</a>","uoregon",0,FALSE,FALSE,NA,NA
"Hey, Ducks: A reminder about tomorrow night's open forum for students to learn more about the tuition-setting proce… https://t.co/JMZACFuTWY",FALSE,21,NA,2019-01-15 02:56:03,TRUE,NA,"1085007677267296259",NA,"<a href=""https://www.hootsuite.com"" rel=""nofollow"">Hootsuite Inc.</a>","uoregon",5,FALSE,FALSE,NA,NA
"A memorial service for Tasia Smith, University of Oregon Evergreen Assistant Professor of counseling psychology and… https://t.co/C1aSoz4bvA",FALSE,12,NA,2019-01-15 01:05:05,TRUE,NA,"1084979750622384128",NA,"<a href=""https://www.hootsuite.com"" rel=""nofollow"">Hootsuite Inc.</a>","uoregon",3,FALSE,FALSE,NA,NA
"Hey, Ducks: Do you have a faculty member who you think deserves extra recognition for their efforts? Nominate them… https://t.co/oqjuj6X7k6",FALSE,16,NA,2019-01-14 22:21:41,TRUE,NA,"1084938632371281925",NA,"<a href=""https://www.hootsuite.com"" rel=""nofollow"">Hootsuite Inc.</a>","uoregon",5,FALSE,FALSE,NA,NA
"Don't forget: Tomorrow is the deadline to submit your application to be a Duck. Here's why we think you should join… https://t.co/eKckyw9pZo",FALSE,31,NA,2019-01-14 19:14:26,TRUE,NA,"1084891506060742667",NA,"<a href=""https://www.hootsuite.com"" rel=""nofollow"">Hootsuite Inc.</a>","uoregon",4,FALSE,FALSE,NA,NA
"Learn more about the tuition-setting process and join the conversation about tuition and fees at tomorrow night’s o… https://t.co/C79H1Et5fN",FALSE,14,NA,2019-01-14 18:09:57,TRUE,NA,"1084875280576073730",NA,"<a href=""https://www.hootsuite.com"" rel=""nofollow"">Hootsuite Inc.</a>","uoregon",0,FALSE,FALSE,NA,NA
"The UO welcomes Mae Ngai, Columbia University professor and political historian, as the 2018-19 Wayne Morse Chair o… https://t.co/4qCVnzvtV9",FALSE,34,NA,2019-01-14 01:35:04,TRUE,NA,"1084624911790993408",NA,"<a href=""https://www.hootsuite.com"" rel=""nofollow"">Hootsuite Inc.</a>","uoregon",4,FALSE,FALSE,NA,NA
"ISO: Volunteer student navigators for campus ride programs. Help provide service to more than 10,000 of your classm… https://t.co/ldFJCWJDmB",FALSE,9,NA,2019-01-13 20:10:08,TRUE,NA,"1084543137597612032",NA,"<a href=""https://www.hootsuite.com"" rel=""nofollow"">Hootsuite Inc.</a>","uoregon",1,FALSE,FALSE,NA,NA
"Thanks in large part to the @UOKnightCampus's innovative @UOmiip, the UO awarded more master’s degrees in physics t… https://t.co/NuENoUhUw3",FALSE,30,NA,2019-01-06 18:40:10,TRUE,NA,"1081983780951412736",NA,"<a href=""https://www.hootsuite.com"" rel=""nofollow"">Hootsuite Inc.</a>","uoregon",2,FALSE,FALSE,NA,NA
"Trek alongside a UO geologist as he hikes into the Eagle Creek burn area to investigate the relationship between wi… https://t.co/OU3P1lp3Lg",FALSE,30,NA,2019-01-06 14:20:09,TRUE,NA,"1081918344356335616",NA,"<a href=""https://www.hootsuite.com"" rel=""nofollow"">Hootsuite Inc.</a>","uoregon",1,FALSE,FALSE,NA,NA
"'The Littlest Duck' stands tall as part of @OregonVB. #GoDucks https://t.co/pM8P5jh031 https://t.co/2LnRjrMdIg",FALSE,74,NA,2019-01-06 04:10:03,FALSE,NA,"1081764810021367808",NA,"<a href=""https://www.hootsuite.com"" rel=""nofollow"">Hootsuite Inc.</a>","uoregon",1,FALSE,FALSE,NA,NA
"ICYMI: Thanks to Terri and Jon Anderson, and Nancy and Dave Petrone, whose matching gifts will endow new chairs in… https://t.co/KGsehdiIkL",FALSE,41,NA,2019-01-06 01:30:12,TRUE,NA,"1081724580698427393",NA,"<a href=""https://www.hootsuite.com"" rel=""nofollow"">Hootsuite Inc.</a>","uoregon",1,FALSE,FALSE,NA,NA
"Most university activities funded by federal agencies will be unaffected by the partial federal government shutdown… https://t.co/34I1oeNZL8",FALSE,17,NA,2019-01-05 20:20:08,TRUE,NA,"1081646551053803521",NA,"<a href=""https://www.hootsuite.com"" rel=""nofollow"">Hootsuite Inc.</a>","uoregon",4,FALSE,FALSE,NA,NA
"If you've wanted to learn how to consistently make great coffee, here's your chance. Come to our next Quack Chats t… https://t.co/YAoLweocDv",FALSE,13,NA,2019-01-05 18:30:20,TRUE,NA,"1081618917297135622",NA,"<a href=""https://www.hootsuite.com"" rel=""nofollow"">Hootsuite Inc.</a>","uoregon",2,FALSE,FALSE,NA,NA
"If your New Year's resolution is already on shaky ground, it helps to make yourself aware of potential pitfalls to… https://t.co/OKby4PtReT",FALSE,9,NA,2019-01-05 17:01:13,TRUE,NA,"1081596492740218885",NA,"<a href=""https://www.hootsuite.com"" rel=""nofollow"">Hootsuite Inc.</a>","uoregon",1,FALSE,FALSE,NA,NA
"UO earth scientist Thomas Giachetti has researched Anak Krakatau, also known as the ‘Child of Krakatau,' for years,… https://t.co/jOqwjcB25a",FALSE,11,NA,2019-01-05 02:15:06,TRUE,NA,"1081373491948068864",NA,"<a href=""https://www.hootsuite.com"" rel=""nofollow"">Hootsuite Inc.</a>","uoregon",3,FALSE,FALSE,NA,NA
"What's the secret to a good cup of coffee -- we're talking a *really good* cup of coffee? Learn from a chemist who… https://t.co/4K9I68i1Mu",FALSE,22,NA,2019-01-04 23:20:04,TRUE,NA,"1081329444697112582",NA,"<a href=""https://www.hootsuite.com"" rel=""nofollow"">Hootsuite Inc.</a>","uoregon",5,FALSE,FALSE,NA,NA
"@tierneyl @kf_perry @PostGraphics @uogeog We love to hear about Ducks spreading their wings and doing great things! #GoDucks",FALSE,1,"tierneyl",2019-01-04 21:09:04,FALSE,"1081295499683082242","1081296477165576193","28011281","<a href=""http://twitter.com"" rel=""nofollow"">Twitter Web Client</a>","uoregon",0,FALSE,FALSE,NA,NA
"@UOInnovates News you can use!",FALSE,0,"UOInnovates",2019-01-04 20:55:19,FALSE,"1081292549854093312","1081293017066102784","905532424519647234","<a href=""http://twitter.com"" rel=""nofollow"">Twitter Web Client</a>","uoregon",0,FALSE,FALSE,NA,NA
"@AlexHorwitch You tell 'em, Alex!",FALSE,4,"AlexHorwitch",2019-01-04 20:50:20,FALSE,"1081288678863822849","1081291762579038208","121238569","<a href=""http://twitter.com"" rel=""nofollow"">Twitter Web Client</a>","uoregon",0,FALSE,FALSE,NA,NA
"... thus settling an age-old debate. https://t.co/wtOeDzImmA",FALSE,123,NA,2019-01-04 20:48:37,FALSE,NA,"1081291331526258688",NA,"<a href=""http://twitter.com"" rel=""nofollow"">Twitter Web Client</a>","uoregon",18,FALSE,FALSE,NA,NA
"Ducks hoops really heats up as both @OregonWBB and @OregonMBB open @pac12 play. The No. 5-ranked women host the Uni… https://t.co/CQpknruxGQ",FALSE,89,NA,2019-01-04 20:00:25,TRUE,NA,"1081279203566338048",NA,"<a href=""https://www.hootsuite.com"" rel=""nofollow"">Hootsuite Inc.</a>","uoregon",14,FALSE,FALSE,NA,NA
"The UO Summer Academy to Inspire Learning, the college access program aimed at getting middle and high school stude… https://t.co/XyEzFpuHt1",FALSE,12,NA,2019-01-04 03:40:04,TRUE,NA,"1081032490037465088",NA,"<a href=""https://www.hootsuite.com"" rel=""nofollow"">Hootsuite Inc.</a>","uoregon",3,FALSE,FALSE,NA,NA
"Developer shares possible vision for former Romania property, including preservation of the historic structure:… https://t.co/YH4CZ8fEvG",FALSE,32,NA,2019-01-04 00:15:08,TRUE,NA,"1080980915118063619",NA,"<a href=""https://www.hootsuite.com"" rel=""nofollow"">Hootsuite Inc.</a>","uoregon",3,FALSE,FALSE,NA,NA
"Thanks in large part to the @UOKnightCampus's innovative internship program, the UO granted more master’s degrees i… https://t.co/ONV2nM0ZTH",FALSE,18,NA,2019-01-03 22:25:08,TRUE,NA,"1080953232619421696",NA,"<a href=""https://www.hootsuite.com"" rel=""nofollow"">Hootsuite Inc.</a>","uoregon",0,FALSE,FALSE,NA,NA
"#SoRad! https://t.co/GirJI4r2sE",FALSE,14,NA,2019-01-03 21:07:18,FALSE,NA,"1080933644758208513",NA,"<a href=""http://twitter.com"" rel=""nofollow"">Twitter Web Client</a>","uoregon",2,FALSE,FALSE,NA,NA
"As the 116th Congress convenes today, @Oregon_Law professor Elizabeth Tippett writes how the ‘wave of women’ now in… https://t.co/IxT3YOVTHr",FALSE,16,NA,2019-01-03 20:00:19,TRUE,NA,"1080916788433641472",NA,"<a href=""https://www.hootsuite.com"" rel=""nofollow"">Hootsuite Inc.</a>","uoregon",1,FALSE,FALSE,NA,NA
"Campus leaders offer guidance to UO researchers and others conducting sponsored activities funded by agencies affec… https://t.co/Gf9OqS5pQ9",FALSE,7,NA,2019-01-03 17:08:28,TRUE,NA,"1080873542231773184",NA,"<a href=""https://www.hootsuite.com"" rel=""nofollow"">Hootsuite Inc.</a>","uoregon",0,FALSE,FALSE,NA,NA
".@uoeducation's Nichole Kelly is researching whether #exercise could also help #rural #school kids eat healthier: “… https://t.co/Bd68Y0w4z9",FALSE,13,NA,2019-01-02 20:05:17,TRUE,NA,"1080555649820516352",NA,"<a href=""https://www.hootsuite.com"" rel=""nofollow"">Hootsuite Inc.</a>","uoregon",3,FALSE,FALSE,NA,NA
"If you made a New Year's resolution and really want to keep it this year, having sound strategies in place is impor… https://t.co/DsNdtxYgG6",FALSE,20,NA,2019-01-02 17:50:00,TRUE,NA,"1080521606169014272",NA,"<a href=""https://www.hootsuite.com"" rel=""nofollow"">Hootsuite Inc.</a>","uoregon",6,FALSE,FALSE,NA,NA
"We loved the spirit Duck fans showed at yesterday's @RedboxBowl as they rooted @oregonfootball on to victory!… https://t.co/Y8gu1uL9ed",FALSE,423,NA,2019-01-02 00:50:10,TRUE,NA,"1080264954341539840",NA,"<a href=""http://twitter.com"" rel=""nofollow"">Twitter Web Client</a>","uoregon",25,FALSE,FALSE,NA,NA
"Thanks to the generosity of Terri and Jon Anderson, and Nancy and Dave Petrone, the university will establish facul… https://t.co/87W4d2dSRZ",FALSE,28,NA,2019-01-01 19:50:08,TRUE,NA,"1080189449185710081",NA,"<a href=""https://www.hootsuite.com"" rel=""nofollow"">Hootsuite Inc.</a>","uoregon",1,FALSE,FALSE,NA,NA
"Students in @uoregondesign's sports product design graduate program use the latest in technology as they work to cr… https://t.co/Q1tLBx5oAb",FALSE,12,NA,2019-01-01 17:01:28,TRUE,NA,"1080147005056401414",NA,"<a href=""https://www.hootsuite.com"" rel=""nofollow"">Hootsuite Inc.</a>","uoregon",1,FALSE,FALSE,NA,NA
"Hau<U+02BB>oli makahiki hou, Hawaii Ducks! https://t.co/OGWWjDvqsy",FALSE,104,NA,2019-01-01 10:01:03,FALSE,NA,"1080041201083039745",NA,"<a href=""https://www.hootsuite.com"" rel=""nofollow"">Hootsuite Inc.</a>","uoregon",4,FALSE,FALSE,NA,NA
"We didn't forget about Alaska Ducks — happy New Year! https://t.co/kOJ2cY2soo",FALSE,67,NA,2019-01-01 09:01:12,FALSE,NA,"1080026142223069186",NA,"<a href=""https://www.hootsuite.com"" rel=""nofollow"">Hootsuite Inc.</a>","uoregon",1,FALSE,FALSE,NA,NA
"Toasting our West Coast Ducks and wishing all a happy, healthy 2019! https://t.co/3Ju3KA7kZB",FALSE,325,NA,2019-01-01 08:01:03,FALSE,NA,"1080011003285438465",NA,"<a href=""https://www.hootsuite.com"" rel=""nofollow"">Hootsuite Inc.</a>","uoregon",44,FALSE,FALSE,NA,NA
"Here's to a new year, Mountain West Ducks! https://t.co/HYHREshYjT",FALSE,110,NA,2019-01-01 07:00:47,FALSE,NA,"1079995838666018816",NA,"<a href=""https://www.hootsuite.com"" rel=""nofollow"">Hootsuite Inc.</a>","uoregon",5,FALSE,FALSE,NA,NA
"Hey Midwest Ducks! Have a great 2019! https://t.co/6aGmWgEovR",FALSE,144,NA,2019-01-01 06:00:58,FALSE,NA,"1079980781953523713",NA,"<a href=""https://www.hootsuite.com"" rel=""nofollow"">Hootsuite Inc.</a>","uoregon",14,FALSE,FALSE,NA,NA
"Wishing East Coast Ducks a happy, healthy, 2019! https://t.co/MBNBNrOyNd",FALSE,177,NA,2019-01-01 05:01:36,FALSE,NA,"1079965844627750912",NA,"<a href=""https://www.hootsuite.com"" rel=""nofollow"">Hootsuite Inc.</a>","uoregon",24,FALSE,FALSE,NA,NA
"On New Year's Eve, we recall what was an inspiring, gratifying, groundbreaking, electrifying, eye-opening, heart-wa… https://t.co/Ta8KVk0tHj",FALSE,42,NA,2019-01-01 02:35:05,TRUE,NA,"1079928972094459905",NA,"<a href=""https://www.hootsuite.com"" rel=""nofollow"">Hootsuite Inc.</a>","uoregon",1,FALSE,FALSE,NA,NA
"As the Ducks play their final game of the season and 2018 comes to a close, we look way back to the beginning of it… https://t.co/q3iIgdwlLc",FALSE,90,NA,2018-12-31 19:40:08,TRUE,NA,"1079824545643679744",NA,"<a href=""https://www.hootsuite.com"" rel=""nofollow"">Hootsuite Inc.</a>","uoregon",9,FALSE,FALSE,NA,NA
"This is it, Ducks, the final game day of 2018! Oregon and Michigan State kick off at noon today at Levi's Stadium i… https://t.co/93z0nOnzYX",FALSE,119,NA,2018-12-31 16:30:37,TRUE,NA,"1079776854041657344",NA,"<a href=""https://www.hootsuite.com"" rel=""nofollow"">Hootsuite Inc.</a>","uoregon",7,FALSE,FALSE,NA,NA
"@dustinfb89 @DuckFootball @oregonfootball @RedboxBowl https://t.co/JBvajH6m9P",FALSE,1,NA,2018-12-31 05:48:41,FALSE,NA,"1079615303212924929",NA,"<a href=""http://twitter.com"" rel=""nofollow"">Twitter Web Client</a>","uoregon",0,FALSE,FALSE,NA,NA
"The launch of Duckflix was solidly in our #bestof2018 list.

https://t.co/SxObBBFKF0",FALSE,81,NA,2018-12-31 01:00:29,FALSE,NA,"1079542775597666304",NA,"<a href=""https://www.hootsuite.com"" rel=""nofollow"">Hootsuite Inc.</a>","uoregon",7,FALSE,FALSE,NA,NA
"The hatching of the ospreys atop @Oregon_Law was among our favorite moments of 2018. #bestof2018

https://t.co/0Wgjl2DcgT",FALSE,35,NA,2018-12-30 22:10:06,FALSE,NA,"1079499898226130944",NA,"<a href=""https://www.hootsuite.com"" rel=""nofollow"">Hootsuite Inc.</a>","uoregon",1,FALSE,FALSE,NA,NA
"Earthquakes, the Black Panther Party, and the Supreme Court are the latest UO experts presentations added to the ""W… https://t.co/6bUik6OIsM",FALSE,7,NA,2018-12-30 19:30:24,TRUE,NA,"1079459708258447360",NA,"<a href=""https://www.hootsuite.com"" rel=""nofollow"">Hootsuite Inc.</a>","uoregon",2,FALSE,FALSE,NA,NA
"Commencement is a highlight of every year! #bestof2018

https://t.co/SMNpFuL26L",FALSE,39,NA,2018-12-30 16:55:08,FALSE,NA,"1079420633505771523",NA,"<a href=""https://www.hootsuite.com"" rel=""nofollow"">Hootsuite Inc.</a>","uoregon",1,FALSE,FALSE,NA,NA
"The Eagle Creek Fire destroyed nearly 48,000 acres of the Columbia River Gorge. Students from the @UOsojc’s multime… https://t.co/PrdsEzfrCo",FALSE,21,NA,2018-12-30 00:50:04,TRUE,NA,"1079177765889470467",NA,"<a href=""https://www.hootsuite.com"" rel=""nofollow"">Hootsuite Inc.</a>","uoregon",3,FALSE,FALSE,NA,NA
"If you are looking to make last-minute plans to watch @oregonfootball go against Michigan State in the @RedboxBowl,… https://t.co/JYlzmdSLlz",FALSE,82,NA,2018-12-29 22:25:05,TRUE,NA,"1079141281916469249",NA,"<a href=""https://www.hootsuite.com"" rel=""nofollow"">Hootsuite Inc.</a>","uoregon",8,FALSE,FALSE,NA,NA
"The 10th (!!!) Pac-12 title by our women’s cross country team was among the highlights of 2018. #bestof2018… https://t.co/1vQ9L81hXI",FALSE,88,NA,2018-12-29 20:15:10,TRUE,NA,"1079108584892440578",NA,"<a href=""https://www.hootsuite.com"" rel=""nofollow"">Hootsuite Inc.</a>","uoregon",4,FALSE,FALSE,NA,NA
"Looking back at what's been a momentous year for us: https://t.co/v0q95uZfH8 https://t.co/jrWr0PJcyi",FALSE,40,NA,2018-12-29 16:50:10,FALSE,NA,"1079056996685484033",NA,"<a href=""https://www.hootsuite.com"" rel=""nofollow"">Hootsuite Inc.</a>","uoregon",4,FALSE,FALSE,NA,NA
"Alumnus James Ivory wins an Oscar! #bestof2018

https://t.co/twErJXbh8a",FALSE,57,NA,2018-12-29 03:10:06,FALSE,NA,"1078850618368892928",NA,"<a href=""https://www.hootsuite.com"" rel=""nofollow"">Hootsuite Inc.</a>","uoregon",3,FALSE,FALSE,NA,NA
"The unveiling of the plans for Hayward Field made our #bestof2018: 

https://t.co/7RyrqTY1ZJ",FALSE,327,NA,2018-12-29 00:30:16,FALSE,NA,"1078810396692279301",NA,"<a href=""https://www.hootsuite.com"" rel=""nofollow"">Hootsuite Inc.</a>","uoregon",39,FALSE,FALSE,NA,NA
"Whether you are going to the game and want to tailgate with fellow Ducks or find a watch party to catch the action,… https://t.co/jJKoIVU8Kt",FALSE,131,NA,2018-12-28 22:15:12,TRUE,NA,"1078776404483936257",NA,"<a href=""https://www.hootsuite.com"" rel=""nofollow"">Hootsuite Inc.</a>","uoregon",9,FALSE,FALSE,NA,NA
"Thanks to Nancy and Dave Petrone, and Terri and Jon Anderson, whose twin matching gifts will create new chairs in… https://t.co/XZqvEjZkzD",FALSE,35,NA,2018-12-28 20:05:12,TRUE,NA,"1078743690670149633",NA,"<a href=""https://www.hootsuite.com"" rel=""nofollow"">Hootsuite Inc.</a>","uoregon",4,FALSE,FALSE,NA,NA
"@Twitter <U+0001F986><U+0001F986><U+0001F986><U+0001F986>
<U+0001F986>           <U+0001F986>
<U+0001F986>           <U+0001F986>
<U+0001F986>           <U+0001F986>
<U+0001F986><U+0001F986><U+0001F986><U+0001F986><U+0001F986>

<U+0001F986>           <U+0001F986>
<U+0001F986>           <U+0001F986>
<U+0001F986>           <U+0001F986>
<U+0001F986><U+0001F986><U+0001F986><U+0001F986>

<U+0001F986><U+0001F986><U+0001F986><U+0001F986>… https://t.co/rqleTvtUgL",FALSE,850,"Twitter",2018-12-28 18:31:24,TRUE,"1078674463200366592","1078720085718638593","783214","<a href=""http://twitter.com/download/iphone"" rel=""nofollow"">Twitter for iPhone</a>","uoregon",71,FALSE,FALSE,NA,NA
"Turn on out, PDX Ducks, and join the flock at this @RedboxBowl watch party! And if you are elsewhere, here's a list… https://t.co/KOMEKwctvG",FALSE,14,NA,2018-12-28 17:12:32,TRUE,NA,"1078700235793166337",NA,"<a href=""http://twitter.com"" rel=""nofollow"">Twitter Web Client</a>","uoregon",1,FALSE,FALSE,NA,NA
"It's hard to believe that everything is “fake news” when the journalist you meet at back-to-school night is not jus… https://t.co/LmoS5y6Y7t",FALSE,17,NA,2018-12-28 16:01:50,TRUE,NA,"1078682444948217858",NA,"<a href=""https://www.hootsuite.com"" rel=""nofollow"">Hootsuite Inc.</a>","uoregon",5,FALSE,FALSE,NA,NA
"It was sci-fi, now it's real life: UO sports product design students use 3D scanning and printing technology to cre… https://t.co/hHF8bkDmqI",FALSE,17,NA,2018-12-28 03:00:32,TRUE,NA,"1078485825921400833",NA,"<a href=""https://www.hootsuite.com"" rel=""nofollow"">Hootsuite Inc.</a>","uoregon",2,FALSE,FALSE,NA,NA
".@Marcilynn_Burke, dean of @Oregon_Law and the Dave Frohnmayer Chair in Leadership and Law, talks w/ ""UO Today"" abo… https://t.co/X5RxrafNPU",FALSE,17,NA,2018-12-16 20:25:06,TRUE,NA,"1074400042361020417",NA,"<a href=""https://www.hootsuite.com"" rel=""nofollow"">Hootsuite Inc.</a>","uoregon",4,FALSE,FALSE,NA,NA
"PeaceHealth Rides, the community bike-sharing program with the distinctive blue bikes, passed its six-month anniver… https://t.co/1vPbXa2Bzl",FALSE,38,NA,2018-12-16 00:25:04,TRUE,NA,"1074098046181490688",NA,"<a href=""https://www.hootsuite.com"" rel=""nofollow"">Hootsuite Inc.</a>","uoregon",7,FALSE,FALSE,NA,NA
"Earthquakes, the Black Panther Party, and the Supreme Court are the latest UO experts presentations added to the ""W… https://t.co/KHBMaJVL0e",FALSE,6,NA,2018-12-15 16:25:08,TRUE,NA,"1073977266496028672",NA,"<a href=""https://www.hootsuite.com"" rel=""nofollow"">Hootsuite Inc.</a>","uoregon",0,FALSE,FALSE,NA,NA
"Thanks again to everyone who came out to last Friday's @LaneArtsCouncil #FirstFridayArtWalk and helped us open… https://t.co/TNCNb9jTal",FALSE,12,NA,2018-12-15 02:35:04,TRUE,NA,"1073768374289735680",NA,"<a href=""https://www.hootsuite.com"" rel=""nofollow"">Hootsuite Inc.</a>","uoregon",0,FALSE,FALSE,NA,NA
"As wildfires increase, so does the threat of landslides. What does this mean for the Pacific Northwest? A UO geolog… https://t.co/27sQzVG7kD",FALSE,19,NA,2018-12-15 00:15:06,TRUE,NA,"1073733149610381312",NA,"<a href=""https://www.hootsuite.com"" rel=""nofollow"">Hootsuite Inc.</a>","uoregon",5,FALSE,FALSE,NA,NA
"Need something to play in the background of your holiday gathering? The Duck's Holiday Fireplace features festive d… https://t.co/m2cGm5QrCB",FALSE,59,NA,2018-12-14 20:10:03,TRUE,NA,"1073671478883713024",NA,"<a href=""http://twitter.com"" rel=""nofollow"">Twitter Web Client</a>","uoregon",15,FALSE,FALSE,NA,NA
"Campus doesn't *totally* shut down during the break. Instead, we use the time to tackle a whole slew of projects. H… https://t.co/Io1DbjfmBJ",FALSE,15,NA,2018-12-14 17:25:09,TRUE,NA,"1073629981585170432",NA,"<a href=""https://www.hootsuite.com"" rel=""nofollow"">Hootsuite Inc.</a>","uoregon",3,FALSE,FALSE,NA,NA
"@dpompper @Wiweck @EmeraldHRM @EmeraldGlobal Very cool! Congrats!",FALSE,1,"dpompper",2018-12-14 16:35:25,FALSE,"1073583916278198273","1073617466037743617","453403801","<a href=""http://twitter.com"" rel=""nofollow"">Twitter Web Client</a>","uoregon",0,FALSE,FALSE,NA,NA
"Go check out what surely sounds like a fun evening featuring @EugeneOpera and @UOEnglishDept Professor Martha Bayle… https://t.co/YWTwmE84wf",FALSE,2,NA,2018-12-14 16:34:01,TRUE,NA,"1073617114609532928",NA,"<a href=""http://twitter.com"" rel=""nofollow"">Twitter Web Client</a>","uoregon",2,FALSE,FALSE,NA,NA
"The best computer coders may have high levels of working memory, according to new UO research that captured real-ti… https://t.co/kZAWOK19fX",FALSE,9,NA,2018-12-14 01:40:06,TRUE,NA,"1073392153118867456",NA,"<a href=""https://www.hootsuite.com"" rel=""nofollow"">Hootsuite Inc.</a>","uoregon",1,FALSE,FALSE,NA,NA
".@Marcilynn_Burke, dean of @Oregon_Law and the Dave Frohnmayer Chair in Leadership and Law, talks w/ ""UO Today"" abo… https://t.co/RXyNkCZfSk",FALSE,17,NA,2018-12-13 19:55:13,TRUE,NA,"1073305359509528576",NA,"<a href=""https://www.hootsuite.com"" rel=""nofollow"">Hootsuite Inc.</a>","uoregon",5,FALSE,FALSE,NA,NA
"@USGS_ShakeAlert @PNSN1 And here's some background about our faculty members' work on this valuable resource:… https://t.co/lE5zNPbhrM",FALSE,1,"USGS_ShakeAlert",2018-12-13 19:53:58,TRUE,"1073296029343145984","1073305045037281280","1029465278130708480","<a href=""http://twitter.com"" rel=""nofollow"">Twitter Web Client</a>","uoregon",0,FALSE,FALSE,NA,NA
"Actually, here's a link that works: https://t.co/hkqQKn5VP6",FALSE,14,"uoregon",2018-12-13 17:25:57,FALSE,"1073266904389820417","1073267795079524352","40940457","<a href=""http://twitter.com"" rel=""nofollow"">Twitter Web Client</a>","uoregon",2,FALSE,FALSE,NA,NA
"UO undergrads get hands-on experience helping @UO_OIMB collect specimens along Oregon Coast for massive… https://t.co/Ow3qTM5vRu",FALSE,35,NA,2018-12-13 17:22:24,TRUE,NA,"1073266904389820417",NA,"<a href=""https://www.hootsuite.com"" rel=""nofollow"">Hootsuite Inc.</a>","uoregon",5,FALSE,FALSE,NA,NA
"Congrats to this year's Outstanding Employee Awards winners! Thank you for your efforts! https://t.co/PU3H7ernsw https://t.co/lq9j6afahx",FALSE,19,NA,2018-12-13 16:20:13,FALSE,NA,"1073251253549977602",NA,"<a href=""https://www.hootsuite.com"" rel=""nofollow"">Hootsuite Inc.</a>","uoregon",0,FALSE,FALSE,NA,NA
"If you're on campus and wondering if that building will be open or that service will be available over winter break… https://t.co/Cbet1nSlsw",FALSE,11,NA,2018-12-13 03:20:05,TRUE,NA,"1073054924802588675",NA,"<a href=""https://www.hootsuite.com"" rel=""nofollow"">Hootsuite Inc.</a>","uoregon",2,FALSE,FALSE,NA,NA
"Nominations sought for UO Board of Trustees student seat. https://t.co/QqqWGWVpSU https://t.co/OeRs3f6rhF",FALSE,6,NA,2018-12-12 23:35:07,FALSE,NA,"1072998312301772800",NA,"<a href=""https://www.hootsuite.com"" rel=""nofollow"">Hootsuite Inc.</a>","uoregon",2,FALSE,FALSE,NA,NA
"Bringing bugs and people together might not sound like a great idea, but if it's done in the proper setting it coul… https://t.co/zQPXg0rasz",FALSE,2,NA,2018-12-12 20:55:10,TRUE,NA,"1072958060925194240",NA,"<a href=""https://www.hootsuite.com"" rel=""nofollow"">Hootsuite Inc.</a>","uoregon",0,FALSE,FALSE,NA,NA
"As their enrollment has tripled over the past 20 years, the influences of Latinx students can be felt throughout ca… https://t.co/WLanQBO187",FALSE,16,NA,2018-12-12 17:04:40,TRUE,NA,"1072900051368902656",NA,"<a href=""https://www.hootsuite.com"" rel=""nofollow"">Hootsuite Inc.</a>","uoregon",1,FALSE,FALSE,NA,NA
"Some campus services, buildings have reduced their hours over winter break. Here's the lowdown on what's open and w… https://t.co/VJWFRbu1Bl",FALSE,8,NA,2018-12-12 03:10:05,TRUE,NA,"1072690022032310274",NA,"<a href=""https://www.hootsuite.com"" rel=""nofollow"">Hootsuite Inc.</a>","uoregon",2,FALSE,FALSE,NA,NA
"After receiving a record number of applicants, the Wayne Morse Center for Law and Politics recently welcomed 31 new… https://t.co/kw53i2zeXf",FALSE,34,NA,2018-12-12 00:55:05,TRUE,NA,"1072656049856016385",NA,"<a href=""https://www.hootsuite.com"" rel=""nofollow"">Hootsuite Inc.</a>","uoregon",4,FALSE,FALSE,NA,NA
"Thanks to everyone who came out to last Friday's @LaneArtsCouncil  #FirstFridayArtWalk and helped us open 510 Oak,… https://t.co/amjXx1PSes",FALSE,10,NA,2018-12-11 23:40:04,TRUE,NA,"1072637171314638849",NA,"<a href=""https://www.hootsuite.com"" rel=""nofollow"">Hootsuite Inc.</a>","uoregon",0,FALSE,FALSE,NA,NA
"Earthquakes, the Black Panther Party, and the Supreme Court are the latest UO experts presentations added to the ""W… https://t.co/At8MVFVQO5",FALSE,11,NA,2018-12-11 19:50:11,TRUE,NA,"1072579318818238468",NA,"<a href=""https://www.hootsuite.com"" rel=""nofollow"">Hootsuite Inc.</a>","uoregon",2,FALSE,FALSE,NA,NA
"You may have noticed a bunch of new emojis on your phone — a kangaroo, a bagel, a skateboard, redheads, super villa… https://t.co/Ucn5WTvhKx",FALSE,7,NA,2018-12-11 16:45:23,TRUE,NA,"1072532812115398657",NA,"<a href=""https://www.hootsuite.com"" rel=""nofollow"">Hootsuite Inc.</a>","uoregon",1,FALSE,FALSE,NA,NA
"How can one third of the world's population survive with a tiny hole in their heart? Andrew Lovering of @HphyUo exp… https://t.co/xFxkLIKzQQ",FALSE,6,NA,2018-12-10 20:15:18,TRUE,NA,"1072223251366117377",NA,"<a href=""https://www.hootsuite.com"" rel=""nofollow"">Hootsuite Inc.</a>","uoregon",1,FALSE,FALSE,NA,NA
"ICYMI: Huge congrats to @uoCHandBIC's Marina Guenza for being named a fellow by the American Association for the Ad… https://t.co/1QSnlPzK44",FALSE,8,NA,2018-12-10 16:45:22,TRUE,NA,"1072170420953120769",NA,"<a href=""https://www.hootsuite.com"" rel=""nofollow"">Hootsuite Inc.</a>","uoregon",0,FALSE,FALSE,NA,NA
"One third of the world's population has a tiny hole in their heart, yet many carry on without knowing and with litt… https://t.co/zqLuhjUloA",FALSE,15,NA,2018-12-10 01:00:35,TRUE,NA,"1071932656504528896",NA,"<a href=""https://www.hootsuite.com"" rel=""nofollow"">Hootsuite Inc.</a>","uoregon",1,FALSE,FALSE,NA,NA
"When researchers, including several at the UO, first detected the gravitational waves in deep space, it was a miles… https://t.co/n3mjnpoGUN",FALSE,10,NA,2018-12-09 20:20:11,TRUE,NA,"1071862093522055170",NA,"<a href=""https://www.hootsuite.com"" rel=""nofollow"">Hootsuite Inc.</a>","uoregon",3,FALSE,FALSE,NA,NA
".@uoregondesign's Brook Muller says re-imagining mosquito research facilities and bringing humans closer to the ins… https://t.co/vDMPNpnB0D",FALSE,3,NA,2018-12-09 16:35:06,TRUE,NA,"1071805448515436545",NA,"<a href=""https://www.hootsuite.com"" rel=""nofollow"">Hootsuite Inc.</a>","uoregon",0,FALSE,FALSE,NA,NA
"Congrats to @uoCHandBIC's Mike Pluth (@mdpluth), who recently received the Oregon Medical Research Foundation’s Ric… https://t.co/y8NvUSbpXj",FALSE,12,NA,2018-12-09 00:55:04,TRUE,NA,"1071568879669907457",NA,"<a href=""https://www.hootsuite.com"" rel=""nofollow"">Hootsuite Inc.</a>","uoregon",1,FALSE,FALSE,NA,NA
"What goes on in the human brain during a complex performance? UO psychology researchers used electrodes to document… https://t.co/JpKgFserHx",FALSE,6,NA,2018-12-08 21:05:06,TRUE,NA,"1071511005262417920",NA,"<a href=""https://www.hootsuite.com"" rel=""nofollow"">Hootsuite Inc.</a>","uoregon",3,FALSE,FALSE,NA,NA
"A genomic-analysis technology invented at the UO brought a Lund University doctoral student together with the UO’s… https://t.co/xmY6V2PyhK",FALSE,11,NA,2018-11-21 17:10:23,TRUE,NA,"1065291345596694530",NA,"<a href=""https://www.hootsuite.com"" rel=""nofollow"">Hootsuite Inc.</a>","uoregon",2,FALSE,FALSE,NA,NA
"Better forest management won’t end wildfires, but it can reduce the risks, write UO's @cassmos and @ColoStateNews's… https://t.co/GGsD1BwaRy",FALSE,14,NA,2018-11-20 17:49:08,TRUE,NA,"1064938708711858176",NA,"<a href=""http://twitter.com"" rel=""nofollow"">Twitter Web Client</a>","uoregon",3,FALSE,FALSE,NA,NA
"As part of our Native American Heritage Month observances, photographer Matika Wilbur will be coming to the UO on N… https://t.co/itv40Po1AT",FALSE,25,NA,2018-11-19 18:05:19,TRUE,NA,"1064580394484412416",NA,"<a href=""https://www.hootsuite.com"" rel=""nofollow"">Hootsuite Inc.</a>","uoregon",11,FALSE,FALSE,NA,NA
"UO postdoc solves mystery of isolated, flightless Atlantic island birds. https://t.co/KUYAIyhOB3 https://t.co/fh0KeQEvlq",FALSE,12,NA,2018-11-19 00:50:05,FALSE,NA,"1064319866960781312",NA,"<a href=""https://www.hootsuite.com"" rel=""nofollow"">Hootsuite Inc.</a>","uoregon",3,FALSE,FALSE,NA,NA
"How can a tiny worm help scientists cure disease? The University Venture Development Fund helped UO faculty members… https://t.co/dtiwTm1jfR",FALSE,14,NA,2018-11-18 22:20:10,TRUE,NA,"1064282139448012801",NA,"<a href=""https://www.hootsuite.com"" rel=""nofollow"">Hootsuite Inc.</a>","uoregon",3,FALSE,FALSE,NA,NA
"Have a question about on-campus resources, important deadlines, or finals schedules? Find the answers to these ques… https://t.co/eU4r3EaRQG",FALSE,4,NA,2018-11-18 19:45:08,TRUE,NA,"1064243127177961472",NA,"<a href=""https://www.hootsuite.com"" rel=""nofollow"">Hootsuite Inc.</a>","uoregon",0,FALSE,FALSE,NA,NA
"A UO earth scientist has identified ancient soils newly exposed in Greenland as potentially being 3.7 billion years… https://t.co/mQLLmKJswf",FALSE,13,NA,2018-11-18 16:30:26,TRUE,NA,"1064194129616343042",NA,"<a href=""https://www.hootsuite.com"" rel=""nofollow"">Hootsuite Inc.</a>","uoregon",3,FALSE,FALSE,NA,NA
